[{"model": "wines.wine", "pk": 2, "fields": {"name": "Poully-Fuisse", "producer": "Louis Jadot", "country": "France", "region": "Burgundy", "imageURL": "https://buywinesonline.com/cdn/shop/products/LouisJadotPouilly-Fuisse2020.jpg?v=1646677766&width=1000", "notes": "A delightful white wine that showcases the best of Burgundy's Chardonnay grape. With a pale golden hue, this wine has a captivating aroma of fresh red apples, honey, and white flowers that immediately captures the senses. On the palate, it offers an exquisite taste with elegant and rich flavors of toasted nuts and citrus that provide a perfect balance of acidity and minerality. This wine is a true representation of the region's terroir, where the limestone soil and cool climate provide ideal growing conditions for Chardonnay grapes. This wine is an excellent choice to pair with a variety of foods. Its rich flavors and balanced acidity complement roasted salmon, shellfish, and creamy cheeses exceptionally well. It also pairs nicely with lighter dishes, such as grilled vegetables or chicken, making it a versatile option for any meal.", "year": 2023, "wine_type": "white", "grapes": [1]}}, {"model": "wines.wine", "pk": 3, "fields": {"name": "Meiomi Pinot Noir", "producer": "Meiomi Wines", "country": "United States", "region": "California", "imageURL": "https://buywinesonline.com/cdn/shop/products/Meiomi_Pinot_Noir_bottle_new_1_df3807ed-5b60-4492-a950-220468784601.jpg?v=1612560010&width=900", "notes": "Meiomi Pinot Noir Red Wine brings you structure and depth seldom seen in a pinot noir wine, thanks to its unique and meticulous aging process. Aged for six months in French oak barrels, this California red wine's juicy strawberry flavor and notes of dark berries and toasted mocha add complexity and depth on the palate. With a rich garnet color and a ruby edge, this pinot noir wine permeates aromas of bright fruit jam, mocha and oak.\r\n\r\nThis California wine owes much of its complexity to its varied upbringing, featuring grapes harvested from Monterey, Santa Barbara and Sonoma. The silky texture and balanced acidity of this Meiomi wine make it a perfect table top companion for dark chocolate or thin crust pizza.", "year": 2021, "wine_type": "red", "grapes": [2]}}, {"model": "wines.wine", "pk": 4, "fields": {"name": "Silver Oak", "producer": "Silver Oak Alexander Valley", "country": "United States", "region": "California", "imageURL": "https://assets.wine.com/winecom/image/upload/w_600,h_600,c_fit,q_auto:good,fl_progressive/om6znw6xe8hhsmmi9mos.jpg", "notes": "Maroon in color with a garnet hue, this wine has an enticing nose of maraschino cherries, blackberry bramble, and brisket with notes of clove and star anise. It’s mouthwatering with a juicy entry and has a fruity mid-palate of currant with toasted vanilla and roasted brown sugar character from American oak barrels. Structured tannins provide an elegant character with a long and expressive finish.", "year": 2020, "wine_type": "red", "grapes": [3]}}, {"model": "wines.wine", "pk": 5, "fields": {"name": "Château Margaux", "producer": "Château Margaux", "country": "France", "region": "Bordeaux", "imageURL": "https://d2j6dbq0eux0bg.cloudfront.net/images/85919892/4844664221.jpg", "notes": "This is a serious Margaux, hugely Cabernet dominant on both nose and palate as you would expect with 94% of the blend. It has an extremely fine, elongated tannic structure, barely perceptible yet classy, with a focus on gentle elasticity. There are more blue than black fruits here, wonderfully spun out and softened with crushed tobacco. It has the expansive aromatic structure of Margaux, the floral and mineral aspects clear, as is the tension that lifts the palate up and out. It's reminiscent of 2005, though with less evident tannins. It's not as hefty as the 2010 or as staggering as the 2015, but it is still a joyful expression of the estate. 1% Petit Verdot completes the blend.", "year": 2016, "wine_type": "red", "grapes": [3, 4, 11, 21]}}, {"model": "wines.wine", "pk": 6, "fields": {"name": "Cloudy Bay", "producer": "Cloudy Bay", "country": "New Zealand", "region": "arlborough", "imageURL": "https://assets.wine.com/winecom/image/upload/w_600,h_600,c_fit,q_auto:good,fl_progressive/pbqqalkokog9tne4cdxt.jpg", "notes": "It's fresh and crisp with notes of honeydew, passionfruit, and lemongrass. Perfect for seafood, roast turkey and stuffing.", "year": 2023, "wine_type": "white", "grapes": [12]}}, {"model": "wines.wine", "pk": 7, "fields": {"name": "Penfold Cabernet Bin 707", "producer": "Penfold", "country": "Australia", "region": "Hemispheres", "imageURL": "https://assets.wine.com/winecom/image/upload/w_600,h_600,c_fit,q_auto:good,fl_progressive/pbqqalkokog9tne4cdxt.jpg", "notes": "Deep crimson. Fresh elderberry, cassis and herb garden aromas with aniseed/ liquorice notes. Rich fruit-sweet wine with ample cassis, elderberry and boysenberry fruits, fine chocolaty tannins and mocha oak complexity. A beautifully balanced and youthful wine with elegance and power. Substantial yet classical with the richness, volume and vinosity for long-term aging.", "year": 2016, "wine_type": "white", "grapes": [3]}}, {"model": "wines.wine", "pk": 8, "fields": {"name": "Antinori Tignanello", "producer": "Marchesi Antinori SRL", "country": "Italy", "region": "Tuscany", "imageURL": "https://www.saq.com/media/catalog/product/1/5/15104224-1_1675890953.png?width=367&height=550&canvas=367,550&optimize=high&fit=bounds&format=jpeg", "notes": "A supple, elegant red highlighted by bright cherry, black currant, violet, tobacco, iron and oak spice aromas and flavors. Though fluid and seemingly approachable now, this is well-structured and shows the balance to age", "year": 2019, "wine_type": "red", "grapes": [3, 7]}}, {"model": "wines.wine", "pk": 9, "fields": {"name": "Roero Arneis", "producer": "Bruno Giacosa", "country": "Italy", "region": "Piemonte", "imageURL": "https://www.foliowine.com/wp-content/uploads/2019/05/RoeroArneis_NV_web-400x1000.png", "notes": "Straw yellow color, with greenish reflections. The bouquet is intense with floral aroma, like Acacia flowers, and peach and lemon notes. On the palate, the flavor is fresh corresponding to the fruity and floral notes.", "year": 2022, "wine_type": "white", "grapes": []}}, {"model": "wines.wine", "pk": 10, "fields": {"name": "Gulp Hablo", "producer": "Gulp Hablo", "country": "Spain", "region": "La Mancha", "imageURL": "https://www.foliowine.com/wp-content/uploads/2019/05/RoeroArneis_NV_web-400x1000.png", "notes": "Straw yellow color, with greenish reflections. The bouquet is intense with floral aroma, like Acacia flowers, and peach and lemon notes. On the palate, the flavor is fresh corresponding to the fruity and floral notes.", "year": 2023, "wine_type": "white", "grapes": [12, 22]}}, {"model": "wines.wine", "pk": 11, "fields": {"name": "Dom Pérignon Blanc", "producer": "Dom Pérignon", "country": "France", "region": "Champagne", "imageURL": "https://www.thewineroomscambridge.com/cdn/shop/files/DomPerignon2004bottlesquare_473x473.jpg?v=1702998398", "notes": "On the nose, aromas of almond and powdered cocoa develop gradually into\r\nwhite fruit with hints of dried flowers. Classic toasted notes give a rounded finish\r\nand denote a fully realized maturity. On the palate, the wine instantly traces an astoundingly fine line between\r\ndensity and weightlessness. Its precision is extreme, tactile, dark and chiselled.\r\nThe full taste lingers with the utmost elegance on a sappy, spicy note.", "year": 2004, "wine_type": "sparkling", "grapes": [1, 2]}}, {"model": "wines.wine", "pk": 13, "fields": {"name": "Sancerre Le Reine Blanche", "producer": "Reverdy", "country": "France", "region": "Loire", "imageURL": "https://cdn.ct-static.com/labels/3036b48a-abe0-45b4-bc47-5f2ef69335d4.jpg", "notes": "The nose presents intense aromas of flintstone, citrus, white peach, and linden flowers, creating a vibrant and aromatic profile. On the palate, the wine is rich and fresh, with mineral notes and citrus fruit flavors. It offers a long, clean finish, showcasing its balance and purity. The wine is medium-bodied with good acidity, providing a crisp and refreshing mouthfeel. This Sancerre pairs beautifully with seafood dishes, particularly oysters and shellfish, as well as goat cheeses like Crottin de Chavignol. Its crisp acidity and mineral character also complement light poultry dishes and fresh salads.", "year": 2023, "wine_type": "white", "grapes": [12]}}, {"model": "wines.wine", "pk": 14, "fields": {"name": "test", "producer": "test", "country": "test", "region": null, "imageURL": null, "notes": null, "year": 2013, "wine_type": "white", "grapes": [1, 2, 3]}}, {"model": "wines.wine", "pk": 15, "fields": {"name": "Caymus", "producer": "Caymus Vineyard", "country": "California", "region": "", "imageURL": "https://www.totalwine.com/dynamic/x1000,sq/images/223968750/223968750-1-fr.png", "notes": "", "year": 2022, "wine_type": "red", "grapes": [3]}}, {"model": "wines.wine", "pk": 16, "fields": {"name": "test1", "producer": "test1", "country": "test1", "region": null, "imageURL": "", "notes": null, "year": 1111, "wine_type": "red", "grapes": [3]}}, {"model": "wines.grape", "pk": 1, "fields": {"name": "Chardonnay"}}, {"model": "wines.grape", "pk": 2, "fields": {"name": "Pinot Noir"}}, {"model": "wines.grape", "pk": 3, "fields": {"name": "Cabernet Sauvignon"}}, {"model": "wines.grape", "pk": 4, "fields": {"name": "Merlot"}}, {"model": "wines.grape", "pk": 5, "fields": {"name": "Malbec"}}, {"model": "wines.grape", "pk": 6, "fields": {"name": "Syrah"}}, {"model": "wines.grape", "pk": 7, "fields": {"name": "Sangiovese"}}, {"model": "wines.grape", "pk": 8, "fields": {"name": "Tempranillo"}}, {"model": "wines.grape", "pk": 9, "fields": {"name": "Grenache"}}, {"model": "wines.grape", "pk": 10, "fields": {"name": "Zinfandel"}}, {"model": "wines.grape", "pk": 11, "fields": {"name": "Cabernet Franc"}}, {"model": "wines.grape", "pk": 12, "fields": {"name": "Sauvignon Blanc"}}, {"model": "wines.grape", "pk": 13, "fields": {"name": "Riesling"}}, {"model": "wines.grape", "pk": 14, "fields": {"name": "Pinot Grigio"}}, {"model": "wines.grape", "pk": 15, "fields": {"name": "Chenín Blanc"}}, {"model": "wines.grape", "pk": 16, "fields": {"name": "Gewürztraminer"}}, {"model": "wines.grape", "pk": 17, "fields": {"name": "Albariño"}}, {"model": "wines.grape", "pk": 18, "fields": {"name": "Viognier"}}, {"model": "wines.grape", "pk": 19, "fields": {"name": "Muscadet"}}, {"model": "wines.grape", "pk": 20, "fields": {"name": "Grüner Veltliner"}}, {"model": "wines.grape", "pk": 21, "fields": {"name": "Petit Verdot"}}, {"model": "wines.grape", "pk": 22, "fields": {"name": "Verdejo"}}, {"model": "wines.grape", "pk": 23, "fields": {"name": "Sancerre"}}, {"model": "inventories.inventory", "pk": 2, "fields": {"wine": 2, "restaurant": 1, "quantity": 124, "buying_price": "123.00", "selling_price": "456.00", "profit_margin": "73.03"}}, {"model": "inventories.inventory", "pk": 3, "fields": {"wine": 9, "restaurant": 1, "quantity": 24, "buying_price": "49.34", "selling_price": "66.99", "profit_margin": "26.35"}}, {"model": "inventories.inventory", "pk": 4, "fields": {"wine": 7, "restaurant": 1, "quantity": 342, "buying_price": "43.00", "selling_price": "148.68", "profit_margin": "71.08"}}, {"model": "inventories.inventory", "pk": 5, "fields": {"wine": 6, "restaurant": 2, "quantity": 34, "buying_price": "35.61", "selling_price": "100.34", "profit_margin": "64.51"}}, {"model": "inventories.inventory", "pk": 6, "fields": {"wine": 10, "restaurant": 2, "quantity": 67, "buying_price": "78.00", "selling_price": "91.61", "profit_margin": "14.86"}}, {"model": "inventories.inventory", "pk": 7, "fields": {"wine": 5, "restaurant": 2, "quantity": 12, "buying_price": "146.34", "selling_price": "164.43", "profit_margin": "11.00"}}, {"model": "inventories.inventory", "pk": 8, "fields": {"wine": 4, "restaurant": 2, "quantity": 89, "buying_price": "68.45", "selling_price": "159.67", "profit_margin": null}}, {"model": "inventories.inventory", "pk": 9, "fields": {"wine": 3, "restaurant": 3, "quantity": 56, "buying_price": "77.89", "selling_price": "216.87", "profit_margin": null}}, {"model": "inventories.inventory", "pk": 10, "fields": {"wine": 2, "restaurant": 3, "quantity": 56, "buying_price": "89.21", "selling_price": "315.00", "profit_margin": "71.68"}}, {"model": "inventories.inventory", "pk": 11, "fields": {"wine": 11, "restaurant": 3, "quantity": 145, "buying_price": "126.76", "selling_price": "423.76", "profit_margin": null}}, {"model": "inventories.inventory", "pk": 17, "fields": {"wine": 8, "restaurant": 1, "quantity": 45, "buying_price": "30.00", "selling_price": "75.00", "profit_margin": "60.00"}}, {"model": "inventories.inventory", "pk": 18, "fields": {"wine": 15, "restaurant": 5, "quantity": 10, "buying_price": "100.00", "selling_price": "240.00", "profit_margin": "140.00"}}, {"model": "restaurants.restaurant", "pk": 1, "fields": {"name": "ABC Restaurant", "address": "123 Main St. Springfield, IL 62701 USA"}}, {"model": "restaurants.restaurant", "pk": 2, "fields": {"name": "123 Restaurant", "address": "1234, Chelsie Ave, Pennsylvania 39758"}}, {"model": "restaurants.restaurant", "pk": 3, "fields": {"name": "Hungry Rabbit", "address": "1163 West Drive, Chicago, IL 60606"}}, {"model": "restaurants.restaurant", "pk": 4, "fields": {"name": "Gramercy Tavern", "address": "42 E20th Street, New York, NY 10003"}}, {"model": "restaurants.restaurant", "pk": 5, "fields": {"name": "Mayahuel", "address": "3207 34th Ave, Queens, NY 11106"}}]