[
{
  "model": "auth.user",
  "pk": 1,
  "fields": {
    "password": "pbkdf2_sha256$390000$axzmdBVEBpI5T7kJMwy6PP$9GpBJqlzA7bgLKngC/3rOIun4hyBobF1AC+TW66TroM=",
    "last_login": "2025-12-20T04:50:27.621Z",
    "is_superuser": true,
    "username": "admin",
    "first_name": "",
    "last_name": "",
    "email": "",
    "is_staff": true,
    "is_active": true,
    "date_joined": "2025-12-20T04:43:38.267Z",
    "groups": [],
    "user_permissions": []
  }
},
{
  "model": "auth.user",
  "pk": 2,
  "fields": {
    "password": "pbkdf2_sha256$390000$twXH74ShE7KDCDTdeH4Tyl$fDHWk3rcbkUBXX+1C5YjBD+PRHcCdjxpjuoC2lBL7iQ=",
    "last_login": null,
    "is_superuser": false,
    "username": "testuser",
    "first_name": "",
    "last_name": "",
    "email": "",
    "is_staff": false,
    "is_active": true,
    "date_joined": "2026-02-09T03:46:25.709Z",
    "groups": [],
    "user_permissions": []
  }
},
{
  "model": "auth.user",
  "pk": 3,
  "fields": {
    "password": "pbkdf2_sha256$390000$FJ78sfcomQkjCWEZ3ImasP$nMolwsgek7seXtG4ohOUwyxxA2iNkBBi/wMiqpzBCJE=",
    "last_login": null,
    "is_superuser": false,
    "username": "frontendtestuser",
    "first_name": "",
    "last_name": "",
    "email": "",
    "is_staff": false,
    "is_active": true,
    "date_joined": "2026-02-09T03:47:30.969Z",
    "groups": [],
    "user_permissions": []
  }
},
{
  "model": "auth.user",
  "pk": 4,
  "fields": {
    "password": "pbkdf2_sha256$390000$X5nFjdj55d23lwxQuVXh8j$JXZ+mInqUG1E+xvGrID25oO/F8e5Uy+wo2EF01yw2xg=",
    "last_login": null,
    "is_superuser": false,
    "username": "natkuma",
    "first_name": "",
    "last_name": "",
    "email": "",
    "is_staff": false,
    "is_active": true,
    "date_joined": "2026-02-09T15:05:46.755Z",
    "groups": [],
    "user_permissions": []
  }
},
{
  "model": "auth.user",
  "pk": 5,
  "fields": {
    "password": "pbkdf2_sha256$390000$LktLFCOrqzhgxi8CYEflpz$t04364sU3+iA1WnhJvCESy35AZt2QKEGJtYKJEOzImk=",
    "last_login": null,
    "is_superuser": false,
    "username": "testing1",
    "first_name": "",
    "last_name": "",
    "email": "",
    "is_staff": false,
    "is_active": true,
    "date_joined": "2026-02-09T17:35:10.488Z",
    "groups": [],
    "user_permissions": []
  }
},
{
  "model": "auth.user",
  "pk": 6,
  "fields": {
    "password": "pbkdf2_sha256$390000$h0Ib9oX22K25JkVMRmY1ej$qnCyvBeqgJu7YxbAiy4Zel6XIygB+Qx731uK79YAuFM=",
    "last_login": null,
    "is_superuser": false,
    "username": "testing2",
    "first_name": "",
    "last_name": "",
    "email": "",
    "is_staff": false,
    "is_active": true,
    "date_joined": "2026-02-09T17:37:54.954Z",
    "groups": [],
    "user_permissions": []
  }
},
{
  "model": "sessions.session",
  "pk": "7ll90r2722584v7py1lz13zr642z7atn",
  "fields": {
    "session_data": ".eJxVjMsOwiAQRf-FtSEM5VWX7v0GAjMgVQNJaVfGf1eSLnR7zzn3xXzYt-L3nla_EDszYKffLQZ8pDoA3UO9NY6tbusS-VD4QTu_NkrPy-H-HZTQy6idnGJ2JHXUSFqJLFW2RgiJc0CLSqFTyYFMEIwGIJEnO2NUQN8QDHt_AOFyN48:1vWovD:bXo9LC_TfZwmNC3j0N2Tonzhkor-MLF2MetuTZaGfQs",
    "expire_date": "2026-01-03T04:50:27.625Z"
  }
},
{
  "model": "wines.wine",
  "pk": 2,
  "fields": {
    "name": "Poully-Fuisse",
    "producer": "Louis Jadot",
    "country": "France",
    "region": "Burgundy",
    "imageURL": "https://buywinesonline.com/cdn/shop/products/LouisJadotPouilly-Fuisse2020.jpg?v=1646677766&width=1000",
    "notes": "A delightful white wine that showcases the best of Burgundy's Chardonnay grape. With a pale golden hue, this wine has a captivating aroma of fresh red apples, honey, and white flowers that immediately captures the senses. On the palate, it offers an exquisite taste with elegant and rich flavors of toasted nuts and citrus that provide a perfect balance of acidity and minerality. This wine is a true representation of the region's terroir, where the limestone soil and cool climate provide ideal growing conditions for Chardonnay grapes. This wine is an excellent choice to pair with a variety of foods. Its rich flavors and balanced acidity complement roasted salmon, shellfish, and creamy cheeses exceptionally well. It also pairs nicely with lighter dishes, such as grilled vegetables or chicken, making it a versatile option for any meal.",
    "year": 2023,
    "wine_type": "white",
    "grapes": [
      1
    ]
  }
},
{
  "model": "wines.wine",
  "pk": 3,
  "fields": {
    "name": "Meiomi Pinot Noir",
    "producer": "Meiomi Wines",
    "country": "United States",
    "region": "California",
    "imageURL": "https://buywinesonline.com/cdn/shop/products/Meiomi_Pinot_Noir_bottle_new_1_df3807ed-5b60-4492-a950-220468784601.jpg?v=1612560010&width=900",
    "notes": "Meiomi Pinot Noir Red Wine brings you structure and depth seldom seen in a pinot noir wine, thanks to its unique and meticulous aging process. Aged for six months in French oak barrels, this California red wine's juicy strawberry flavor and notes of dark berries and toasted mocha add complexity and depth on the palate. With a rich garnet color and a ruby edge, this pinot noir wine permeates aromas of bright fruit jam, mocha and oak.\r\n\r\nThis California wine owes much of its complexity to its varied upbringing, featuring grapes harvested from Monterey, Santa Barbara and Sonoma. The silky texture and balanced acidity of this Meiomi wine make it a perfect table top companion for dark chocolate or thin crust pizza.",
    "year": 2021,
    "wine_type": "red",
    "grapes": [
      2
    ]
  }
},
{
  "model": "wines.wine",
  "pk": 4,
  "fields": {
    "name": "Silver Oak",
    "producer": "Silver Oak Alexander Valley",
    "country": "United States",
    "region": "California",
    "imageURL": "https://assets.wine.com/winecom/image/upload/w_600,h_600,c_fit,q_auto:good,fl_progressive/om6znw6xe8hhsmmi9mos.jpg",
    "notes": "Maroon in color with a garnet hue, this wine has an enticing nose of maraschino cherries, blackberry bramble, and brisket with notes of clove and star anise. It’s mouthwatering with a juicy entry and has a fruity mid-palate of currant with toasted vanilla and roasted brown sugar character from American oak barrels. Structured tannins provide an elegant character with a long and expressive finish.",
    "year": 2020,
    "wine_type": "red",
    "grapes": [
      3
    ]
  }
},
{
  "model": "wines.wine",
  "pk": 5,
  "fields": {
    "name": "Château Margaux",
    "producer": "Château Margaux",
    "country": "France",
    "region": "Bordeaux",
    "imageURL": "https://d2j6dbq0eux0bg.cloudfront.net/images/85919892/4844664221.jpg",
    "notes": "This is a serious Margaux, hugely Cabernet dominant on both nose and palate as you would expect with 94% of the blend. It has an extremely fine, elongated tannic structure, barely perceptible yet classy, with a focus on gentle elasticity. There are more blue than black fruits here, wonderfully spun out and softened with crushed tobacco. It has the expansive aromatic structure of Margaux, the floral and mineral aspects clear, as is the tension that lifts the palate up and out. It's reminiscent of 2005, though with less evident tannins. It's not as hefty as the 2010 or as staggering as the 2015, but it is still a joyful expression of the estate. 1% Petit Verdot completes the blend.",
    "year": 2016,
    "wine_type": "red",
    "grapes": [
      3,
      4,
      11,
      21
    ]
  }
},
{
  "model": "wines.wine",
  "pk": 6,
  "fields": {
    "name": "Cloudy Bay",
    "producer": "Cloudy Bay",
    "country": "New Zealand",
    "region": "arlborough",
    "imageURL": "https://assets.wine.com/winecom/image/upload/w_600,h_600,c_fit,q_auto:good,fl_progressive/pbqqalkokog9tne4cdxt.jpg",
    "notes": "It's fresh and crisp with notes of honeydew, passionfruit, and lemongrass. Perfect for seafood, roast turkey and stuffing.",
    "year": 2023,
    "wine_type": "white",
    "grapes": [
      12
    ]
  }
},
{
  "model": "wines.wine",
  "pk": 7,
  "fields": {
    "name": "Penfold Cabernet Bin 707",
    "producer": "Penfold",
    "country": "Australia",
    "region": "Hemispheres",
    "imageURL": "https://assets.wine.com/winecom/image/upload/w_600,h_600,c_fit,q_auto:good,fl_progressive/pbqqalkokog9tne4cdxt.jpg",
    "notes": "Deep crimson. Fresh elderberry, cassis and herb garden aromas with aniseed/ liquorice notes. Rich fruit-sweet wine with ample cassis, elderberry and boysenberry fruits, fine chocolaty tannins and mocha oak complexity. A beautifully balanced and youthful wine with elegance and power. Substantial yet classical with the richness, volume and vinosity for long-term aging.",
    "year": 2016,
    "wine_type": "white",
    "grapes": [
      3
    ]
  }
},
{
  "model": "wines.wine",
  "pk": 8,
  "fields": {
    "name": "Antinori Tignanello",
    "producer": "Marchesi Antinori SRL",
    "country": "Italy",
    "region": "Tuscany",
    "imageURL": "https://www.saq.com/media/catalog/product/1/5/15104224-1_1675890953.png?width=367&height=550&canvas=367,550&optimize=high&fit=bounds&format=jpeg",
    "notes": "A supple, elegant red highlighted by bright cherry, black currant, violet, tobacco, iron and oak spice aromas and flavors. Though fluid and seemingly approachable now, this is well-structured and shows the balance to age",
    "year": 2019,
    "wine_type": "red",
    "grapes": [
      3,
      7
    ]
  }
},
{
  "model": "wines.wine",
  "pk": 9,
  "fields": {
    "name": "Roero Arneis",
    "producer": "Bruno Giacosa",
    "country": "Italy",
    "region": "Piemonte",
    "imageURL": "https://www.foliowine.com/wp-content/uploads/2019/05/RoeroArneis_NV_web-400x1000.png",
    "notes": "Straw yellow color, with greenish reflections. The bouquet is intense with floral aroma, like Acacia flowers, and peach and lemon notes. On the palate, the flavor is fresh corresponding to the fruity and floral notes.",
    "year": 2022,
    "wine_type": "white",
    "grapes": []
  }
},
{
  "model": "wines.wine",
  "pk": 10,
  "fields": {
    "name": "Gulp Hablo",
    "producer": "Gulp Hablo",
    "country": "Spain",
    "region": "La Mancha",
    "imageURL": "https://www.foliowine.com/wp-content/uploads/2019/05/RoeroArneis_NV_web-400x1000.png",
    "notes": "Straw yellow color, with greenish reflections. The bouquet is intense with floral aroma, like Acacia flowers, and peach and lemon notes. On the palate, the flavor is fresh corresponding to the fruity and floral notes.",
    "year": 2023,
    "wine_type": "white",
    "grapes": [
      12,
      22
    ]
  }
},
{
  "model": "wines.wine",
  "pk": 11,
  "fields": {
    "name": "Dom Pérignon Blanc",
    "producer": "Dom Pérignon",
    "country": "France",
    "region": "Champagne",
    "imageURL": "https://www.thewineroomscambridge.com/cdn/shop/files/DomPerignon2004bottlesquare_473x473.jpg?v=1702998398",
    "notes": "On the nose, aromas of almond and powdered cocoa develop gradually into\r\nwhite fruit with hints of dried flowers. Classic toasted notes give a rounded finish\r\nand denote a fully realized maturity. On the palate, the wine instantly traces an astoundingly fine line between\r\ndensity and weightlessness. Its precision is extreme, tactile, dark and chiselled.\r\nThe full taste lingers with the utmost elegance on a sappy, spicy note.",
    "year": 2004,
    "wine_type": "sparkling",
    "grapes": [
      1,
      2
    ]
  }
},
{
  "model": "wines.wine",
  "pk": 13,
  "fields": {
    "name": "Sancerre Le Reine Blanche",
    "producer": "Reverdy",
    "country": "France",
    "region": "Loire",
    "imageURL": "https://cdn.ct-static.com/labels/3036b48a-abe0-45b4-bc47-5f2ef69335d4.jpg",
    "notes": "The nose presents intense aromas of flintstone, citrus, white peach, and linden flowers, creating a vibrant and aromatic profile. On the palate, the wine is rich and fresh, with mineral notes and citrus fruit flavors. It offers a long, clean finish, showcasing its balance and purity. The wine is medium-bodied with good acidity, providing a crisp and refreshing mouthfeel. This Sancerre pairs beautifully with seafood dishes, particularly oysters and shellfish, as well as goat cheeses like Crottin de Chavignol. Its crisp acidity and mineral character also complement light poultry dishes and fresh salads.",
    "year": 2023,
    "wine_type": "white",
    "grapes": [
      12
    ]
  }
},
{
  "model": "wines.wine",
  "pk": 14,
  "fields": {
    "name": "test",
    "producer": "test",
    "country": "test",
    "region": null,
    "imageURL": null,
    "notes": "Short loin bresaola boudin, ribeye pork belly pig shankle corned beef. T-bone capicola biltong pork chop ribeye, flank pastrami boudin alcatra.",
    "year": 2013,
    "wine_type": "white",
    "grapes": [
      1,
      2,
      3
    ]
  }
},
{
  "model": "wines.wine",
  "pk": 15,
  "fields": {
    "name": "Caymus",
    "producer": "Caymus Vineyard",
    "country": "California",
    "region": "",
    "imageURL": "https://www.totalwine.com/dynamic/x1000,sq/images/223968750/223968750-1-fr.png",
    "notes": "Ground round beef ribs porchetta, boudin andouille pork chop biltong turducken. Hamburger doner beef ground round, short ribs filet mignon pastrami tongue.",
    "year": 2022,
    "wine_type": "red",
    "grapes": [
      3
    ]
  }
},
{
  "model": "wines.wine",
  "pk": 16,
  "fields": {
    "name": "test1",
    "producer": "test1",
    "country": "test1",
    "region": null,
    "imageURL": "",
    "notes": "Pastrami ham hock turducken drumstick, tenderloin hamburger short loin swine. Ground round beef ribs porchetta, boudin andouille pork chop biltong turducken.",
    "year": 1111,
    "wine_type": "red",
    "grapes": [
      3
    ]
  }
},
{
  "model": "wines.wine",
  "pk": 17,
  "fields": {
    "name": "testing",
    "producer": "testing",
    "country": "testing",
    "region": null,
    "imageURL": "",
    "notes": "Meatball corned beef tail turkey, ham hock salami shoulder leberkas sausage. Picanha ribeye cow spare ribs, tenderloin capicola pork belly landjaeger shank.",
    "year": 1234,
    "wine_type": "red",
    "grapes": [
      4,
      5
    ]
  }
},
{
  "model": "wines.wine",
  "pk": 18,
  "fields": {
    "name": "testing",
    "producer": "testing",
    "country": "testing",
    "region": null,
    "imageURL": "",
    "notes": "Jowl tri-tip pork chop, frankfurter landjaeger drumstick leberkas bresaola. Pastrami ham hock turducken drumstick, tenderloin hamburger short loin swine.",
    "year": 1453,
    "wine_type": "red",
    "grapes": [
      1,
      2
    ]
  }
},
{
  "model": "wines.wine",
  "pk": 19,
  "fields": {
    "name": "testing",
    "producer": "testing",
    "country": "testing",
    "region": null,
    "imageURL": "",
    "notes": "T-bone capicola biltong pork chop ribeye, flank pastrami boudin alcatra. Sirloin shank pancetta hamburger drumstick, strip steak tongue beef ribs biltong.",
    "year": 1456,
    "wine_type": "sparkling",
    "grapes": [
      2,
      3,
      4
    ]
  }
},
{
  "model": "wines.wine",
  "pk": 20,
  "fields": {
    "name": "testing",
    "producer": "testing",
    "country": "testing",
    "region": null,
    "imageURL": "",
    "notes": "Brisket pork belly shankle cupim, short ribs bacon jowl spare ribs kevin. T-bone capicola biltong pork chop ribeye, flank pastrami boudin alcatra.",
    "year": 1230,
    "wine_type": "white",
    "grapes": [
      2,
      3
    ]
  }
},
{
  "model": "wines.wine",
  "pk": 21,
  "fields": {
    "name": "testing",
    "producer": "testing",
    "country": "testing",
    "region": null,
    "imageURL": "",
    "notes": "Swine pancetta boudin chuck, turkey meatball tongue rump flank cupim. Spare ribs meatball turducken, ham hock biltong capicola pork belly jerky.",
    "year": 5553,
    "wine_type": "sparkling",
    "grapes": [
      1,
      2
    ]
  }
},
{
  "model": "wines.wine",
  "pk": 22,
  "fields": {
    "name": "testing",
    "producer": "testing",
    "country": "testing",
    "region": null,
    "imageURL": "",
    "notes": "Swine pancetta boudin chuck, turkey meatball tongue rump flank cupim. Alcatra cow jerky strip steak, pastrami capicola shoulder biltong pancetta.",
    "year": 6666,
    "wine_type": "red",
    "grapes": [
      1,
      2
    ]
  }
},
{
  "model": "wines.wine",
  "pk": 24,
  "fields": {
    "name": "Barolo Classico",
    "producer": "Giacomo Conterno",
    "country": "Italy",
    "region": "Piedmont",
    "imageURL": "https://d2j6dbq0eux0bg.cloudfront.net/images/85919892/4844664221.jpg",
    "notes": "Bacon ipsum dolor amet strip steak landjaeger drumstick short loin, flank bresaola. Kevin shankle tail cow, brisket sirloin strip steak capicola meatball.",
    "year": 2018,
    "wine_type": "red",
    "grapes": [
      24
    ]
  }
},
{
  "model": "wines.wine",
  "pk": 25,
  "fields": {
    "name": "Châteauneuf-du-Pape",
    "producer": "Château Rayas",
    "country": "France",
    "region": "Rhône Valley",
    "imageURL": "https://www.totalwine.com/dynamic/x1000,sq/images/187419750/187419750-1-fr.png",
    "notes": "Ground round beef ribs porchetta, boudin andouille pork chop biltong turducken. Tri-tip short ribs pork prosciutto, alcatra chicken jowl bresaola frankfurter.",
    "year": 2019,
    "wine_type": "red",
    "grapes": [
      25,
      9
    ]
  }
},
{
  "model": "wines.wine",
  "pk": 26,
  "fields": {
    "name": "Ribera del Duero Reserva",
    "producer": "Vega Sicilia",
    "country": "Spain",
    "region": "Ribera del Duero",
    "imageURL": "https://www.totalwine.com/dynamic/x1000,sq/images/240809750/240809750-1-fr.png",
    "notes": "Tri-tip short ribs pork prosciutto, alcatra chicken jowl bresaola frankfurter. Meatball corned beef tail turkey, ham hock salami shoulder leberkas sausage.",
    "year": 2017,
    "wine_type": "red",
    "grapes": [
      3,
      8
    ]
  }
},
{
  "model": "wines.wine",
  "pk": 27,
  "fields": {
    "name": "Carménère Gran Reserva",
    "producer": "Concha y Toro",
    "country": "Chile",
    "region": "Maipo Valley",
    "imageURL": "https://buywinesonline.com/cdn/shop/products/Meiomi_Pinot_Noir_bottle_new_1_df3807ed-5b60-4492-a950-220468784601.jpg?v=1612560010",
    "notes": "Kevin shankle tail cow, brisket sirloin strip steak capicola meatball. T-bone capicola biltong pork chop ribeye, flank pastrami boudin alcatra.",
    "year": 2020,
    "wine_type": "red",
    "grapes": [
      26
    ]
  }
},
{
  "model": "wines.wine",
  "pk": 28,
  "fields": {
    "name": "Penfolds Grange",
    "producer": "Penfolds",
    "country": "Australia",
    "region": "South Australia",
    "imageURL": "https://www.totalwine.com/dynamic/x1000,sq/images/185542750/185542750-1-fr.png",
    "notes": "Beef ribs rump andouille, prosciutto kielbasa chuck sausage shoulder jowl. Kevin shankle tail cow, brisket sirloin strip steak capicola meatball.",
    "year": 2016,
    "wine_type": "red",
    "grapes": [
      6
    ]
  }
},
{
  "model": "wines.wine",
  "pk": 29,
  "fields": {
    "name": "Côtes du Rhône",
    "producer": "Guigal",
    "country": "France",
    "region": "Rhône Valley",
    "imageURL": "https://www.totalwine.com/dynamic/x1000,sq/images/4715750/4715750-1-fr.png",
    "notes": "Ribeye chicken shank pork loin, salami beef ribs ball tip t-bone rump. Tongue chicken sausage shank, beef ribs meatball prosciutto boudin landjaeger.",
    "year": 2021,
    "wine_type": "red",
    "grapes": [
      25,
      6,
      9
    ]
  }
},
{
  "model": "wines.wine",
  "pk": 30,
  "fields": {
    "name": "Malbec Reserve",
    "producer": "Achaval Ferrer",
    "country": "Argentina",
    "region": "Mendoza",
    "imageURL": "https://www.totalwine.com/dynamic/x1000,sq/images/36746750/36746750-1-fr.png",
    "notes": "Sirloin shank pancetta hamburger drumstick, strip steak tongue beef ribs biltong. Ham hock ribeye kielbasa tenderloin, t-bone landjaeger turducken drumstick.",
    "year": 2019,
    "wine_type": "red",
    "grapes": [
      5
    ]
  }
},
{
  "model": "wines.wine",
  "pk": 31,
  "fields": {
    "name": "Brunello di Montalcino",
    "producer": "Biondi Santi",
    "country": "Italy",
    "region": "Tuscany",
    "imageURL": "https://www.totalwine.com/dynamic/x1000,sq/images/19310750/19310750-1-fr.png",
    "notes": "Leberkas salami cow pig, beef ribs t-bone hamburger ball tip filet mignon. Pork belly turducken leberkas, pancetta ham hock shoulder prosciutto capicola.",
    "year": 2015,
    "wine_type": "red",
    "grapes": [
      7
    ]
  }
},
{
  "model": "wines.wine",
  "pk": 32,
  "fields": {
    "name": "Pouilly-Fumé",
    "producer": "Didier Dagueneau",
    "country": "France",
    "region": "Loire Valley",
    "imageURL": "https://www.totalwine.com/dynamic/x1000,sq/images/93670750/93670750-1-fr.png",
    "notes": "Bacon ipsum dolor amet strip steak landjaeger drumstick short loin, flank bresaola. Sirloin shank pancetta hamburger drumstick, strip steak tongue beef ribs biltong.",
    "year": 2021,
    "wine_type": "white",
    "grapes": [
      12
    ]
  }
},
{
  "model": "wines.wine",
  "pk": 33,
  "fields": {
    "name": "Vermentino di Sardegna",
    "producer": "Argiolas",
    "country": "Italy",
    "region": "Sardinia",
    "imageURL": "https://www.foliowine.com/wp-content/uploads/2019/05/RoeroArneis_NV_web-400x1000.png",
    "notes": "Picanha ribeye cow spare ribs, tenderloin capicola pork belly landjaeger shank. Tri-tip short ribs pork prosciutto, alcatra chicken jowl bresaola frankfurter.",
    "year": 2022,
    "wine_type": "white",
    "grapes": [
      28
    ]
  }
},
{
  "model": "wines.wine",
  "pk": 34,
  "fields": {
    "name": "Fiano di Avellino",
    "producer": "Mastroberardino",
    "country": "Italy",
    "region": "Campania",
    "imageURL": "https://www.saq.com/media/catalog/product/1/5/15104224-1_1675890953.png?width=367&height=550&canvas=367,550&optimize=high&fit=bounds&format=jpeg",
    "notes": "Porchetta spare ribs pork loin strip steak, cupim jowl ball tip kielbasa. Alcatra cow jerky strip steak, pastrami capicola shoulder biltong pancetta.",
    "year": 2021,
    "wine_type": "white",
    "grapes": [
      29
    ]
  }
},
{
  "model": "wines.wine",
  "pk": 35,
  "fields": {
    "name": "Grüner Veltliner Smaragd",
    "producer": "FX Pichler",
    "country": "Austria",
    "region": "Wachau",
    "imageURL": "https://buywinesonline.com/cdn/shop/products/LouisJadotPouilly-Fuisse2020.jpg?v=1646677766&width=1000",
    "notes": "Bacon ipsum dolor amet strip steak landjaeger drumstick short loin, flank bresaola. Tongue chicken sausage shank, beef ribs meatball prosciutto boudin landjaeger.",
    "year": 2020,
    "wine_type": "white",
    "grapes": [
      20
    ]
  }
},
{
  "model": "wines.wine",
  "pk": 36,
  "fields": {
    "name": "Condrieu",
    "producer": "Yves Cuilleron",
    "country": "France",
    "region": "Rhône Valley",
    "imageURL": "https://www.totalwine.com/dynamic/x1000,sq/images/96672750/96672750-1-fr.png",
    "notes": "Picanha ribeye cow spare ribs, tenderloin capicola pork belly landjaeger shank. Cupim turducken salami ball tip, ham hock flank pork belly spare ribs.",
    "year": 2021,
    "wine_type": "white",
    "grapes": [
      18
    ]
  }
},
{
  "model": "wines.wine",
  "pk": 37,
  "fields": {
    "name": "Rías Baixas Albariño",
    "producer": "Pazo de Señorans",
    "country": "Spain",
    "region": "Galicia",
    "imageURL": "https://assets.wine.com/winecom/image/upload/w_600,h_600,c_fit,q_auto:good,fl_progressive/pbqqalkokog9tne4cdxt.jpg",
    "notes": "Short loin bresaola boudin, ribeye pork belly pig shankle corned beef. Cupim turducken salami ball tip, ham hock flank pork belly spare ribs.",
    "year": 2022,
    "wine_type": "white",
    "grapes": [
      17
    ]
  }
},
{
  "model": "wines.wine",
  "pk": 38,
  "fields": {
    "name": "Champagne Blanc de Blancs",
    "producer": "Salon",
    "country": "France",
    "region": "Champagne",
    "imageURL": "https://www.totalwine.com/dynamic/x1000,sq/images/152262750/152262750-1-fr.png",
    "notes": "Tongue chicken sausage shank, beef ribs meatball prosciutto boudin landjaeger. Leberkas salami cow pig, beef ribs t-bone hamburger ball tip filet mignon.",
    "year": 2013,
    "wine_type": "sparkling",
    "grapes": [
      1
    ]
  }
},
{
  "model": "wines.wine",
  "pk": 39,
  "fields": {
    "name": "Franciacorta Brut",
    "producer": "Ca' del Bosco",
    "country": "Italy",
    "region": "Lombardy",
    "imageURL": "https://www.thewineroomscambridge.com/cdn/shop/files/DomPerignon2004bottlesquare_473x473.jpg?v=1702998398",
    "notes": "Tri-tip short ribs pork prosciutto, alcatra chicken jowl bresaola frankfurter. Filet mignon andouille capicola shankle, meatball alcatra pork chop tenderloin.",
    "year": 2019,
    "wine_type": "sparkling",
    "grapes": [
      1,
      2
    ]
  }
},
{
  "model": "wines.wine",
  "pk": 40,
  "fields": {
    "name": "Cava Reserva Brut",
    "producer": "Gramona",
    "country": "Spain",
    "region": "Penedès",
    "imageURL": "https://cdn.ct-static.com/labels/3036b48a-abe0-45b4-bc47-5f2ef69335d4.jpg",
    "notes": "Ham hock ribeye kielbasa tenderloin, t-bone landjaeger turducken drumstick. Ground round beef ribs porchetta, boudin andouille pork chop biltong turducken.",
    "year": 2020,
    "wine_type": "sparkling",
    "grapes": [
      1
    ]
  }
},
{
  "model": "wines.wine",
  "pk": 41,
  "fields": {
    "name": "Skin-Contact Pinot Grigio",
    "producer": "Radikon",
    "country": "Italy",
    "region": "Friuli",
    "imageURL": "https://assets.wine.com/winecom/image/upload/w_600,h_600,c_fit,q_auto:good,fl_progressive/om6znw6xe8hhsmmi9mos.jpg",
    "notes": "Hamburger doner beef ground round, short ribs filet mignon pastrami tongue. Spare ribs meatball turducken, ham hock biltong capicola pork belly jerky.",
    "year": 2019,
    "wine_type": "orange",
    "grapes": [
      14
    ]
  }
},
{
  "model": "wines.wine",
  "pk": 42,
  "fields": {
    "name": "Amber Roussanne",
    "producer": "Domaine Gauby",
    "country": "France",
    "region": "Roussillon",
    "imageURL": "https://www.totalwine.com/dynamic/x1000,sq/images/223968750/223968750-1-fr.png",
    "notes": "Bacon ipsum dolor amet strip steak landjaeger drumstick short loin, flank bresaola. Jowl tri-tip pork chop, frankfurter landjaeger drumstick leberkas bresaola.",
    "year": 2020,
    "wine_type": "orange",
    "grapes": [
      31
    ]
  }
},
{
  "model": "wines.wine",
  "pk": 43,
  "fields": {
    "name": "Sauternes",
    "producer": "Château d'Yquem",
    "country": "France",
    "region": "Bordeaux",
    "imageURL": "https://www.totalwine.com/dynamic/x1000,sq/images/119758750/119758750-1-fr.png",
    "notes": "Hamburger doner beef ground round, short ribs filet mignon pastrami tongue. Chuck sausage jerky short loin, brisket kielbasa tongue andouille beef ribs.",
    "year": 2015,
    "wine_type": "dessert",
    "grapes": [
      12
    ]
  }
},
{
  "model": "wines.wine",
  "pk": 44,
  "fields": {
    "name": "Moscato d'Asti",
    "producer": "Vietti",
    "country": "Italy",
    "region": "Piedmont",
    "imageURL": "https://www.totalwine.com/dynamic/x1000,sq/images/96671750/96671750-1-fr.png",
    "notes": "Cupim turducken salami ball tip, ham hock flank pork belly spare ribs. Leberkas salami cow pig, beef ribs t-bone hamburger ball tip filet mignon.",
    "year": 2022,
    "wine_type": "dessert",
    "grapes": [
      30
    ]
  }
},
{
  "model": "wines.grape",
  "pk": 1,
  "fields": {
    "name": "Chardonnay"
  }
},
{
  "model": "wines.grape",
  "pk": 2,
  "fields": {
    "name": "Pinot Noir"
  }
},
{
  "model": "wines.grape",
  "pk": 3,
  "fields": {
    "name": "Cabernet Sauvignon"
  }
},
{
  "model": "wines.grape",
  "pk": 4,
  "fields": {
    "name": "Merlot"
  }
},
{
  "model": "wines.grape",
  "pk": 5,
  "fields": {
    "name": "Malbec"
  }
},
{
  "model": "wines.grape",
  "pk": 6,
  "fields": {
    "name": "Syrah"
  }
},
{
  "model": "wines.grape",
  "pk": 7,
  "fields": {
    "name": "Sangiovese"
  }
},
{
  "model": "wines.grape",
  "pk": 8,
  "fields": {
    "name": "Tempranillo"
  }
},
{
  "model": "wines.grape",
  "pk": 9,
  "fields": {
    "name": "Grenache"
  }
},
{
  "model": "wines.grape",
  "pk": 10,
  "fields": {
    "name": "Zinfandel"
  }
},
{
  "model": "wines.grape",
  "pk": 11,
  "fields": {
    "name": "Cabernet Franc"
  }
},
{
  "model": "wines.grape",
  "pk": 12,
  "fields": {
    "name": "Sauvignon Blanc"
  }
},
{
  "model": "wines.grape",
  "pk": 13,
  "fields": {
    "name": "Riesling"
  }
},
{
  "model": "wines.grape",
  "pk": 14,
  "fields": {
    "name": "Pinot Grigio"
  }
},
{
  "model": "wines.grape",
  "pk": 15,
  "fields": {
    "name": "Chenín Blanc"
  }
},
{
  "model": "wines.grape",
  "pk": 16,
  "fields": {
    "name": "Gewürztraminer"
  }
},
{
  "model": "wines.grape",
  "pk": 17,
  "fields": {
    "name": "Albariño"
  }
},
{
  "model": "wines.grape",
  "pk": 18,
  "fields": {
    "name": "Viognier"
  }
},
{
  "model": "wines.grape",
  "pk": 19,
  "fields": {
    "name": "Muscadet"
  }
},
{
  "model": "wines.grape",
  "pk": 20,
  "fields": {
    "name": "Grüner Veltliner"
  }
},
{
  "model": "wines.grape",
  "pk": 21,
  "fields": {
    "name": "Petit Verdot"
  }
},
{
  "model": "wines.grape",
  "pk": 22,
  "fields": {
    "name": "Verdejo"
  }
},
{
  "model": "wines.grape",
  "pk": 23,
  "fields": {
    "name": "Sancerre"
  }
},
{
  "model": "wines.grape",
  "pk": 24,
  "fields": {
    "name": "Nebbiolo"
  }
},
{
  "model": "wines.grape",
  "pk": 25,
  "fields": {
    "name": "Mourvèdre"
  }
},
{
  "model": "wines.grape",
  "pk": 26,
  "fields": {
    "name": "Carménère"
  }
},
{
  "model": "wines.grape",
  "pk": 27,
  "fields": {
    "name": "Garnacha Blanca"
  }
},
{
  "model": "wines.grape",
  "pk": 28,
  "fields": {
    "name": "Vermentino"
  }
},
{
  "model": "wines.grape",
  "pk": 29,
  "fields": {
    "name": "Fiano"
  }
},
{
  "model": "wines.grape",
  "pk": 30,
  "fields": {
    "name": "Moscato"
  }
},
{
  "model": "wines.grape",
  "pk": 31,
  "fields": {
    "name": "Roussanne"
  }
},
{
  "model": "inventories.inventory",
  "pk": 2,
  "fields": {
    "wine": 2,
    "restaurant": 1,
    "quantity": 124,
    "buying_price": "123.00",
    "selling_price": "456.00",
    "profit_margin": "73.03"
  }
},
{
  "model": "inventories.inventory",
  "pk": 3,
  "fields": {
    "wine": 9,
    "restaurant": 1,
    "quantity": 24,
    "buying_price": "49.34",
    "selling_price": "66.99",
    "profit_margin": "26.35"
  }
},
{
  "model": "inventories.inventory",
  "pk": 4,
  "fields": {
    "wine": 7,
    "restaurant": 1,
    "quantity": 342,
    "buying_price": "43.00",
    "selling_price": "148.68",
    "profit_margin": "71.08"
  }
},
{
  "model": "inventories.inventory",
  "pk": 5,
  "fields": {
    "wine": 6,
    "restaurant": 2,
    "quantity": 34,
    "buying_price": "35.61",
    "selling_price": "100.34",
    "profit_margin": "64.51"
  }
},
{
  "model": "inventories.inventory",
  "pk": 6,
  "fields": {
    "wine": 10,
    "restaurant": 2,
    "quantity": 67,
    "buying_price": "78.00",
    "selling_price": "91.61",
    "profit_margin": "14.86"
  }
},
{
  "model": "inventories.inventory",
  "pk": 7,
  "fields": {
    "wine": 5,
    "restaurant": 2,
    "quantity": 12,
    "buying_price": "146.34",
    "selling_price": "164.43",
    "profit_margin": "11.00"
  }
},
{
  "model": "inventories.inventory",
  "pk": 8,
  "fields": {
    "wine": 4,
    "restaurant": 2,
    "quantity": 89,
    "buying_price": "68.45",
    "selling_price": "159.67",
    "profit_margin": null
  }
},
{
  "model": "inventories.inventory",
  "pk": 9,
  "fields": {
    "wine": 3,
    "restaurant": 3,
    "quantity": 56,
    "buying_price": "77.89",
    "selling_price": "216.87",
    "profit_margin": null
  }
},
{
  "model": "inventories.inventory",
  "pk": 10,
  "fields": {
    "wine": 2,
    "restaurant": 3,
    "quantity": 56,
    "buying_price": "89.21",
    "selling_price": "315.00",
    "profit_margin": "71.68"
  }
},
{
  "model": "inventories.inventory",
  "pk": 11,
  "fields": {
    "wine": 11,
    "restaurant": 3,
    "quantity": 145,
    "buying_price": "126.76",
    "selling_price": "423.76",
    "profit_margin": null
  }
},
{
  "model": "inventories.inventory",
  "pk": 17,
  "fields": {
    "wine": 8,
    "restaurant": 1,
    "quantity": 45,
    "buying_price": "30.00",
    "selling_price": "75.00",
    "profit_margin": "60.00"
  }
},
{
  "model": "inventories.inventory",
  "pk": 18,
  "fields": {
    "wine": 15,
    "restaurant": 5,
    "quantity": 10,
    "buying_price": "100.00",
    "selling_price": "240.00",
    "profit_margin": "140.00"
  }
},
{
  "model": "inventories.inventory",
  "pk": 19,
  "fields": {
    "wine": 22,
    "restaurant": 4,
    "quantity": 0,
    "buying_price": "0.00",
    "selling_price": "0.00",
    "profit_margin": null
  }
},
{
  "model": "inventories.inventory",
  "pk": 21,
  "fields": {
    "wine": 24,
    "restaurant": 13,
    "quantity": 23,
    "buying_price": "61.39",
    "selling_price": "95.53",
    "profit_margin": "35.74"
  }
},
{
  "model": "inventories.inventory",
  "pk": 22,
  "fields": {
    "wine": 24,
    "restaurant": 2,
    "quantity": 120,
    "buying_price": "61.03",
    "selling_price": "127.91",
    "profit_margin": "52.29"
  }
},
{
  "model": "inventories.inventory",
  "pk": 23,
  "fields": {
    "wine": 24,
    "restaurant": 1,
    "quantity": 10,
    "buying_price": "47.27",
    "selling_price": "93.98",
    "profit_margin": "49.70"
  }
},
{
  "model": "inventories.inventory",
  "pk": 24,
  "fields": {
    "wine": 25,
    "restaurant": 1,
    "quantity": 77,
    "buying_price": "24.75",
    "selling_price": "49.56",
    "profit_margin": "50.06"
  }
},
{
  "model": "inventories.inventory",
  "pk": 25,
  "fields": {
    "wine": 25,
    "restaurant": 2,
    "quantity": 75,
    "buying_price": "22.32",
    "selling_price": "46.03",
    "profit_margin": "51.51"
  }
},
{
  "model": "inventories.inventory",
  "pk": 26,
  "fields": {
    "wine": 25,
    "restaurant": 4,
    "quantity": 41,
    "buying_price": "38.21",
    "selling_price": "69.22",
    "profit_margin": "44.80"
  }
},
{
  "model": "inventories.inventory",
  "pk": 27,
  "fields": {
    "wine": 26,
    "restaurant": 1,
    "quantity": 103,
    "buying_price": "32.50",
    "selling_price": "46.94",
    "profit_margin": "30.76"
  }
},
{
  "model": "inventories.inventory",
  "pk": 28,
  "fields": {
    "wine": 26,
    "restaurant": 3,
    "quantity": 18,
    "buying_price": "32.23",
    "selling_price": "44.02",
    "profit_margin": "26.78"
  }
},
{
  "model": "inventories.inventory",
  "pk": 29,
  "fields": {
    "wine": 26,
    "restaurant": 9,
    "quantity": 39,
    "buying_price": "33.85",
    "selling_price": "56.87",
    "profit_margin": "40.48"
  }
},
{
  "model": "inventories.inventory",
  "pk": 30,
  "fields": {
    "wine": 27,
    "restaurant": 1,
    "quantity": 16,
    "buying_price": "16.99",
    "selling_price": "40.82",
    "profit_margin": "58.38"
  }
},
{
  "model": "inventories.inventory",
  "pk": 31,
  "fields": {
    "wine": 27,
    "restaurant": 10,
    "quantity": 85,
    "buying_price": "47.75",
    "selling_price": "109.19",
    "profit_margin": "56.27"
  }
},
{
  "model": "inventories.inventory",
  "pk": 32,
  "fields": {
    "wine": 27,
    "restaurant": 11,
    "quantity": 30,
    "buying_price": "71.75",
    "selling_price": "122.12",
    "profit_margin": "41.25"
  }
},
{
  "model": "inventories.inventory",
  "pk": 33,
  "fields": {
    "wine": 28,
    "restaurant": 14,
    "quantity": 16,
    "buying_price": "55.61",
    "selling_price": "123.25",
    "profit_margin": "54.88"
  }
},
{
  "model": "inventories.inventory",
  "pk": 34,
  "fields": {
    "wine": 28,
    "restaurant": 2,
    "quantity": 54,
    "buying_price": "69.58",
    "selling_price": "162.34",
    "profit_margin": "57.14"
  }
},
{
  "model": "inventories.inventory",
  "pk": 35,
  "fields": {
    "wine": 28,
    "restaurant": 1,
    "quantity": 52,
    "buying_price": "28.01",
    "selling_price": "57.27",
    "profit_margin": "51.09"
  }
},
{
  "model": "inventories.inventory",
  "pk": 36,
  "fields": {
    "wine": 29,
    "restaurant": 3,
    "quantity": 93,
    "buying_price": "23.08",
    "selling_price": "36.55",
    "profit_margin": "36.85"
  }
},
{
  "model": "inventories.inventory",
  "pk": 37,
  "fields": {
    "wine": 29,
    "restaurant": 8,
    "quantity": 27,
    "buying_price": "54.66",
    "selling_price": "109.94",
    "profit_margin": "50.28"
  }
},
{
  "model": "inventories.inventory",
  "pk": 38,
  "fields": {
    "wine": 29,
    "restaurant": 13,
    "quantity": 65,
    "buying_price": "46.46",
    "selling_price": "72.29",
    "profit_margin": "35.73"
  }
},
{
  "model": "inventories.inventory",
  "pk": 39,
  "fields": {
    "wine": 30,
    "restaurant": 9,
    "quantity": 104,
    "buying_price": "23.81",
    "selling_price": "39.41",
    "profit_margin": "39.58"
  }
},
{
  "model": "inventories.inventory",
  "pk": 40,
  "fields": {
    "wine": 30,
    "restaurant": 5,
    "quantity": 10,
    "buying_price": "63.87",
    "selling_price": "98.12",
    "profit_margin": "34.91"
  }
},
{
  "model": "inventories.inventory",
  "pk": 41,
  "fields": {
    "wine": 30,
    "restaurant": 11,
    "quantity": 14,
    "buying_price": "65.96",
    "selling_price": "115.53",
    "profit_margin": "42.91"
  }
},
{
  "model": "inventories.inventory",
  "pk": 42,
  "fields": {
    "wine": 31,
    "restaurant": 4,
    "quantity": 119,
    "buying_price": "23.31",
    "selling_price": "43.68",
    "profit_margin": "46.63"
  }
},
{
  "model": "inventories.inventory",
  "pk": 43,
  "fields": {
    "wine": 31,
    "restaurant": 12,
    "quantity": 39,
    "buying_price": "73.85",
    "selling_price": "134.67",
    "profit_margin": "45.16"
  }
},
{
  "model": "inventories.inventory",
  "pk": 44,
  "fields": {
    "wine": 31,
    "restaurant": 8,
    "quantity": 74,
    "buying_price": "18.05",
    "selling_price": "39.37",
    "profit_margin": "54.15"
  }
},
{
  "model": "inventories.inventory",
  "pk": 45,
  "fields": {
    "wine": 32,
    "restaurant": 5,
    "quantity": 34,
    "buying_price": "72.64",
    "selling_price": "132.07",
    "profit_margin": "45.00"
  }
},
{
  "model": "inventories.inventory",
  "pk": 46,
  "fields": {
    "wine": 32,
    "restaurant": 12,
    "quantity": 69,
    "buying_price": "79.81",
    "selling_price": "113.56",
    "profit_margin": "29.72"
  }
},
{
  "model": "inventories.inventory",
  "pk": 47,
  "fields": {
    "wine": 32,
    "restaurant": 9,
    "quantity": 20,
    "buying_price": "14.55",
    "selling_price": "19.04",
    "profit_margin": "23.58"
  }
},
{
  "model": "inventories.inventory",
  "pk": 48,
  "fields": {
    "wine": 33,
    "restaurant": 3,
    "quantity": 14,
    "buying_price": "65.03",
    "selling_price": "115.60",
    "profit_margin": "43.75"
  }
},
{
  "model": "inventories.inventory",
  "pk": 49,
  "fields": {
    "wine": 33,
    "restaurant": 13,
    "quantity": 65,
    "buying_price": "35.70",
    "selling_price": "71.22",
    "profit_margin": "49.87"
  }
},
{
  "model": "inventories.inventory",
  "pk": 50,
  "fields": {
    "wine": 33,
    "restaurant": 14,
    "quantity": 116,
    "buying_price": "46.10",
    "selling_price": "113.58",
    "profit_margin": "59.41"
  }
},
{
  "model": "inventories.inventory",
  "pk": 51,
  "fields": {
    "wine": 34,
    "restaurant": 1,
    "quantity": 40,
    "buying_price": "57.08",
    "selling_price": "109.66",
    "profit_margin": "47.95"
  }
},
{
  "model": "inventories.inventory",
  "pk": 52,
  "fields": {
    "wine": 34,
    "restaurant": 13,
    "quantity": 43,
    "buying_price": "63.34",
    "selling_price": "106.11",
    "profit_margin": "40.31"
  }
},
{
  "model": "inventories.inventory",
  "pk": 53,
  "fields": {
    "wine": 34,
    "restaurant": 2,
    "quantity": 98,
    "buying_price": "39.30",
    "selling_price": "71.41",
    "profit_margin": "44.97"
  }
},
{
  "model": "inventories.inventory",
  "pk": 54,
  "fields": {
    "wine": 35,
    "restaurant": 14,
    "quantity": 19,
    "buying_price": "62.86",
    "selling_price": "118.47",
    "profit_margin": "46.94"
  }
},
{
  "model": "inventories.inventory",
  "pk": 55,
  "fields": {
    "wine": 35,
    "restaurant": 5,
    "quantity": 87,
    "buying_price": "70.68",
    "selling_price": "114.72",
    "profit_margin": "38.39"
  }
},
{
  "model": "inventories.inventory",
  "pk": 56,
  "fields": {
    "wine": 35,
    "restaurant": 11,
    "quantity": 53,
    "buying_price": "44.55",
    "selling_price": "66.76",
    "profit_margin": "33.27"
  }
},
{
  "model": "inventories.inventory",
  "pk": 57,
  "fields": {
    "wine": 36,
    "restaurant": 3,
    "quantity": 68,
    "buying_price": "74.13",
    "selling_price": "148.16",
    "profit_margin": "49.97"
  }
},
{
  "model": "inventories.inventory",
  "pk": 58,
  "fields": {
    "wine": 36,
    "restaurant": 11,
    "quantity": 118,
    "buying_price": "9.40",
    "selling_price": "22.67",
    "profit_margin": "58.54"
  }
},
{
  "model": "inventories.inventory",
  "pk": 59,
  "fields": {
    "wine": 36,
    "restaurant": 13,
    "quantity": 36,
    "buying_price": "78.94",
    "selling_price": "178.28",
    "profit_margin": "55.72"
  }
},
{
  "model": "inventories.inventory",
  "pk": 60,
  "fields": {
    "wine": 37,
    "restaurant": 1,
    "quantity": 68,
    "buying_price": "76.18",
    "selling_price": "103.38",
    "profit_margin": "26.31"
  }
},
{
  "model": "inventories.inventory",
  "pk": 61,
  "fields": {
    "wine": 37,
    "restaurant": 4,
    "quantity": 74,
    "buying_price": "66.75",
    "selling_price": "165.04",
    "profit_margin": "59.56"
  }
},
{
  "model": "inventories.inventory",
  "pk": 62,
  "fields": {
    "wine": 37,
    "restaurant": 12,
    "quantity": 66,
    "buying_price": "63.14",
    "selling_price": "89.06",
    "profit_margin": "29.10"
  }
},
{
  "model": "inventories.inventory",
  "pk": 63,
  "fields": {
    "wine": 38,
    "restaurant": 11,
    "quantity": 33,
    "buying_price": "45.99",
    "selling_price": "92.36",
    "profit_margin": "50.21"
  }
},
{
  "model": "inventories.inventory",
  "pk": 64,
  "fields": {
    "wine": 38,
    "restaurant": 3,
    "quantity": 94,
    "buying_price": "74.88",
    "selling_price": "164.29",
    "profit_margin": "54.42"
  }
},
{
  "model": "inventories.inventory",
  "pk": 65,
  "fields": {
    "wine": 38,
    "restaurant": 5,
    "quantity": 91,
    "buying_price": "22.48",
    "selling_price": "36.86",
    "profit_margin": "39.01"
  }
},
{
  "model": "inventories.inventory",
  "pk": 66,
  "fields": {
    "wine": 39,
    "restaurant": 13,
    "quantity": 37,
    "buying_price": "72.77",
    "selling_price": "132.03",
    "profit_margin": "44.88"
  }
},
{
  "model": "inventories.inventory",
  "pk": 67,
  "fields": {
    "wine": 39,
    "restaurant": 8,
    "quantity": 81,
    "buying_price": "24.18",
    "selling_price": "40.44",
    "profit_margin": "40.21"
  }
},
{
  "model": "inventories.inventory",
  "pk": 68,
  "fields": {
    "wine": 39,
    "restaurant": 10,
    "quantity": 6,
    "buying_price": "47.88",
    "selling_price": "95.07",
    "profit_margin": "49.64"
  }
},
{
  "model": "inventories.inventory",
  "pk": 69,
  "fields": {
    "wine": 40,
    "restaurant": 2,
    "quantity": 116,
    "buying_price": "24.48",
    "selling_price": "58.31",
    "profit_margin": "58.02"
  }
},
{
  "model": "inventories.inventory",
  "pk": 70,
  "fields": {
    "wine": 40,
    "restaurant": 13,
    "quantity": 41,
    "buying_price": "31.79",
    "selling_price": "60.17",
    "profit_margin": "47.17"
  }
},
{
  "model": "inventories.inventory",
  "pk": 71,
  "fields": {
    "wine": 40,
    "restaurant": 1,
    "quantity": 22,
    "buying_price": "56.17",
    "selling_price": "85.25",
    "profit_margin": "34.11"
  }
},
{
  "model": "inventories.inventory",
  "pk": 72,
  "fields": {
    "wine": 41,
    "restaurant": 14,
    "quantity": 109,
    "buying_price": "42.03",
    "selling_price": "93.76",
    "profit_margin": "55.17"
  }
},
{
  "model": "inventories.inventory",
  "pk": 73,
  "fields": {
    "wine": 41,
    "restaurant": 12,
    "quantity": 90,
    "buying_price": "37.31",
    "selling_price": "51.04",
    "profit_margin": "26.90"
  }
},
{
  "model": "inventories.inventory",
  "pk": 74,
  "fields": {
    "wine": 41,
    "restaurant": 13,
    "quantity": 65,
    "buying_price": "39.04",
    "selling_price": "69.47",
    "profit_margin": "43.80"
  }
},
{
  "model": "inventories.inventory",
  "pk": 75,
  "fields": {
    "wine": 42,
    "restaurant": 14,
    "quantity": 108,
    "buying_price": "12.36",
    "selling_price": "26.70",
    "profit_margin": "53.71"
  }
},
{
  "model": "inventories.inventory",
  "pk": 76,
  "fields": {
    "wine": 42,
    "restaurant": 1,
    "quantity": 30,
    "buying_price": "70.04",
    "selling_price": "109.32",
    "profit_margin": "35.93"
  }
},
{
  "model": "inventories.inventory",
  "pk": 77,
  "fields": {
    "wine": 42,
    "restaurant": 2,
    "quantity": 29,
    "buying_price": "46.61",
    "selling_price": "66.43",
    "profit_margin": "29.84"
  }
},
{
  "model": "inventories.inventory",
  "pk": 78,
  "fields": {
    "wine": 43,
    "restaurant": 5,
    "quantity": 109,
    "buying_price": "70.96",
    "selling_price": "95.39",
    "profit_margin": "25.61"
  }
},
{
  "model": "inventories.inventory",
  "pk": 79,
  "fields": {
    "wine": 43,
    "restaurant": 10,
    "quantity": 12,
    "buying_price": "70.02",
    "selling_price": "135.69",
    "profit_margin": "48.40"
  }
},
{
  "model": "inventories.inventory",
  "pk": 80,
  "fields": {
    "wine": 43,
    "restaurant": 4,
    "quantity": 7,
    "buying_price": "54.95",
    "selling_price": "105.82",
    "profit_margin": "48.07"
  }
},
{
  "model": "inventories.inventory",
  "pk": 81,
  "fields": {
    "wine": 44,
    "restaurant": 2,
    "quantity": 116,
    "buying_price": "37.26",
    "selling_price": "68.99",
    "profit_margin": "45.99"
  }
},
{
  "model": "inventories.inventory",
  "pk": 82,
  "fields": {
    "wine": 44,
    "restaurant": 4,
    "quantity": 54,
    "buying_price": "36.87",
    "selling_price": "48.79",
    "profit_margin": "24.43"
  }
},
{
  "model": "inventories.inventory",
  "pk": 83,
  "fields": {
    "wine": 44,
    "restaurant": 3,
    "quantity": 106,
    "buying_price": "8.16",
    "selling_price": "14.18",
    "profit_margin": "42.45"
  }
},
{
  "model": "restaurants.restaurant",
  "pk": 1,
  "fields": {
    "name": "The Blue Apron",
    "street_number": "247",
    "street_name": "Madison Avenue",
    "floor_unit": "Suite 3A",
    "postal_code": 10016,
    "city": "New York",
    "state": "NY"
  }
},
{
  "model": "restaurants.restaurant",
  "pk": 2,
  "fields": {
    "name": "Casa Bella",
    "street_number": "88",
    "street_name": "Columbus Drive",
    "floor_unit": "Floor 2",
    "postal_code": 7302,
    "city": "Jersey City",
    "state": "NJ"
  }
},
{
  "model": "restaurants.restaurant",
  "pk": 3,
  "fields": {
    "name": "Pacific Rim",
    "street_number": "1450",
    "street_name": "Market Street",
    "floor_unit": "Unit 101",
    "postal_code": 94102,
    "city": "San Francisco",
    "state": "CA"
  }
},
{
  "model": "restaurants.restaurant",
  "pk": 4,
  "fields": {
    "name": "The Rustic Fork",
    "street_number": "305",
    "street_name": "Oak Street",
    "floor_unit": "",
    "postal_code": 60657,
    "city": "Chicago",
    "state": "IL"
  }
},
{
  "model": "restaurants.restaurant",
  "pk": 5,
  "fields": {
    "name": "Harbor Lights",
    "street_number": "72",
    "street_name": "Seaport Boulevard",
    "floor_unit": "Apt 4B",
    "postal_code": 2210,
    "city": "Boston",
    "state": "MA"
  }
},
{
  "model": "restaurants.restaurant",
  "pk": 8,
  "fields": {
    "name": "Le Petit Bistro",
    "street_number": "23",
    "street_name": "West 46th Street",
    "floor_unit": "Suite 1B",
    "postal_code": 10036,
    "city": "New York",
    "state": "NY"
  }
},
{
  "model": "restaurants.restaurant",
  "pk": 9,
  "fields": {
    "name": "Vineria Toscana",
    "street_number": "411",
    "street_name": "Columbus Avenue",
    "floor_unit": "Unit 2",
    "postal_code": 10024,
    "city": "New York",
    "state": "NY"
  }
},
{
  "model": "restaurants.restaurant",
  "pk": 10,
  "fields": {
    "name": "The Cork & Barrel",
    "street_number": "1520",
    "street_name": "North Wells Street",
    "floor_unit": "",
    "postal_code": 60610,
    "city": "Chicago",
    "state": "IL"
  }
},
{
  "model": "restaurants.restaurant",
  "pk": 11,
  "fields": {
    "name": "Bodega El Coto",
    "street_number": "3456",
    "street_name": "Coral Way",
    "floor_unit": "Suite 101",
    "postal_code": 33145,
    "city": "Miami",
    "state": "FL"
  }
},
{
  "model": "restaurants.restaurant",
  "pk": 12,
  "fields": {
    "name": "Napa Valley Grille",
    "street_number": "1026",
    "street_name": "First Street",
    "floor_unit": "",
    "postal_code": 94559,
    "city": "Napa",
    "state": "CA"
  }
},
{
  "model": "restaurants.restaurant",
  "pk": 13,
  "fields": {
    "name": "Osteria del Vino",
    "street_number": "142",
    "street_name": "Mulberry Street",
    "floor_unit": "",
    "postal_code": 10013,
    "city": "New York",
    "state": "NY"
  }
},
{
  "model": "restaurants.restaurant",
  "pk": 14,
  "fields": {
    "name": "The Burgundy Room",
    "street_number": "720",
    "street_name": "Bush Street",
    "floor_unit": "Unit 3",
    "postal_code": 94108,
    "city": "San Francisco",
    "state": "CA"
  }
}
]
